{"cameraMode":{"drawMode":0,"name":"Shaded","section":"Shading Mode"},"sceneLighting":false,"audioPlay":false,"sceneViewState":{"showFog":false,"showMaterialUpdate":false,"showSkybox":false,"showFlares":false,"showImageEffects":false,"showParticleSystems":false},"in2DMode":false,"pivot":{"x":13.103288650512696,"y":23.684555053710939,"z":-9.858562469482422},"rotation":{"x":0.14751963317394257,"y":0.5574713945388794,"z":-0.10144013166427612,"w":0.8106741309165955},"size":56.26639938354492,"orthographic":false}