{"cameraMode":{"drawMode":0,"name":"Shaded","section":"Shading Mode"},"sceneLighting":false,"audioPlay":false,"sceneViewState":{"showFog":false,"showMaterialUpdate":false,"showSkybox":false,"showFlares":false,"showImageEffects":false,"showParticleSystems":false},"in2DMode":false,"pivot":{"x":2.8506593704223635,"y":0.6100006103515625,"z":-4.462942600250244},"rotation":{"x":0.13099096715450288,"y":0.6041748523712158,"z":-0.10153237730264664,"w":0.7794376015663147},"size":8.66025447845459,"orthographic":false}