{"cameraMode":{"drawMode":0,"name":"Shaded","section":"Shading Mode"},"sceneLighting":true,"audioPlay":false,"sceneViewState":{"showFog":false,"showMaterialUpdate":false,"showSkybox":false,"showFlares":false,"showImageEffects":false,"showParticleSystems":false},"in2DMode":false,"pivot":{"x":9.100000381469727,"y":22.679996490478517,"z":10.139995574951172},"rotation":{"x":0.12658780813217164,"y":-0.6514919996261597,"z":0.11149781197309494,"w":0.7396647930145264},"size":12.12435531616211,"orthographic":false}