{"cameraMode":{"drawMode":0,"name":"Shaded","section":"Shading Mode"},"sceneLighting":true,"audioPlay":false,"sceneViewState":{"showFog":false,"showMaterialUpdate":false,"showSkybox":false,"showFlares":false,"showImageEffects":false,"showParticleSystems":false},"in2DMode":false,"pivot":{"x":4.2409987449646,"y":12.874999046325684,"z":5.155999660491943},"rotation":{"x":-0.047886911779642108,"y":0.9519693851470947,"z":-0.22239597141742707,"w":-0.20499880611896516},"size":13.785045623779297,"orthographic":false}