{"cameraMode":{"drawMode":0,"name":"Shaded","section":"Shading Mode"},"sceneLighting":true,"audioPlay":false,"sceneViewState":{"showFog":true,"showMaterialUpdate":true,"showSkybox":true,"showFlares":true,"showImageEffects":true,"showParticleSystems":true},"in2DMode":false,"pivot":{"x":-0.00021320581436157227,"y":0.4170689582824707,"z":0.952866792678833},"rotation":{"x":0.04849226772785187,"y":-0.9478907585144043,"z":0.261121928691864,"w":0.17602096498012544},"size":1.5825202465057374,"orthographic":false}