{"cameraMode":{"drawMode":0,"name":"Shaded","section":"Shading Mode"},"sceneLighting":true,"audioPlay":false,"sceneViewState":{"showFog":false,"showMaterialUpdate":false,"showSkybox":false,"showFlares":false,"showImageEffects":false,"showParticleSystems":false},"in2DMode":false,"pivot":{"x":8.590999603271485,"y":23.424999237060548,"z":10.305999755859375},"rotation":{"x":-0.15484903752803803,"y":0.4578015208244324,"z":-0.08132584393024445,"w":-0.8716849684715271},"size":43.30128479003906,"orthographic":false}