{"cameraMode":{"drawMode":0,"name":"Shaded","section":"Shading Mode"},"sceneLighting":false,"audioPlay":false,"sceneViewState":{"showFog":false,"showMaterialUpdate":false,"showSkybox":false,"showFlares":false,"showImageEffects":false,"showParticleSystems":false},"in2DMode":false,"pivot":{"x":0.3399999737739563,"y":0.6100000143051148,"z":0.9399999976158142},"rotation":{"x":-0.15484903752803803,"y":0.4578015208244324,"z":-0.08132584393024445,"w":-0.8716849684715271},"size":1.5825203657150269,"orthographic":false}